{
  "activity": ["pulse", "health", "action", "motion"],
  "airplay": ["stream", "cast", "mirroring"],
  "alert-circle": ["warning", "alert", "danger"],
  "alert-octagon": ["warning", "alert", "danger"],
  "alert-triangle": ["warning", "alert", "danger"],
  "align-center": ["text alignment", "center"],
  "align-justify": ["text alignment", "justified"],
  "align-left": ["text alignment", "left"],
  "align-right": ["text alignment", "right"],
  "anchor": [],
  "archive": ["index", "box"],
  "at-sign": ["mention", "at", "email", "message"],
  "award": ["achievement", "badge"],
  "aperture": ["camera", "photo"],
  "bar-chart": ["statistics", "diagram", "graph"],
  "bar-chart-2": ["statistics", "diagram", "graph"],
  "battery": ["power", "electricity"],
  "battery-charging": ["power", "electricity"],
  "bell": ["alarm", "notification", "sound"],
  "bell-off": ["alarm", "notification", "silent"],
  "bluetooth": ["wireless"],
  "book-open": ["read", "library"],
  "book": ["read", "dictionary", "booklet", "magazine", "library"],
  "bookmark": ["read", "clip", "marker", "tag"],
  "box": ["cube"],
  "briefcase": ["work", "bag", "baggage", "folder"],
  "calendar": ["date"],
  "camera": ["photo"],
  "cast": ["chromecast", "airplay"],
  "chevron-down": ["expand"],
  "chevron-up": ["collapse"],
  "circle": ["off", "zero", "record"],
  "clipboard": ["copy"],
  "clock": ["time", "watch", "alarm"],
  "cloud-drizzle": ["weather", "shower"],
  "cloud-lightning": ["weather", "bolt"],
  "cloud-rain": ["weather"],
  "cloud-snow": ["weather", "blizzard"],
  "cloud": ["weather"],
  "codepen": ["logo"],
  "codesandbox": ["logo"],
  "code": ["source", "programming"],
  "coffee": ["drink", "cup", "mug", "tea", "cafe", "hot", "beverage"],
  "columns": ["layout"],
  "command": ["keyboard", "cmd", "terminal", "prompt"],
  "compass": ["navigation", "safari", "travel", "direction"],
  "copy": ["clone", "duplicate"],
  "corner-down-left": ["arrow", "return"],
  "corner-down-right": ["arrow"],
  "corner-left-down": ["arrow"],
  "corner-left-up": ["arrow"],
  "corner-right-down": ["arrow"],
  "corner-right-up": ["arrow"],
  "corner-up-left": ["arrow"],
  "corner-up-right": ["arrow"],
  "cpu": ["processor", "technology"],
  "credit-card": ["purchase", "payment", "cc"],
  "crop": ["photo", "image"],
  "crosshair": ["aim", "target"],
  "database": ["storage", "memory"],
  "delete": ["remove"],
  "disc": ["album", "cd", "dvd", "music"],
  "dollar-sign": ["currency", "money", "payment"],
  "droplet": ["water"],
  "edit": ["pencil", "change"],
  "edit-2": ["pencil", "change"],
  "edit-3": ["pencil", "change"],
  "eye": ["view", "watch"],
  "eye-off": ["view", "watch", "hide", "hidden"],
  "external-link": ["outbound"],
  "facebook": ["logo", "social"],
  "fast-forward": ["music"],
  "figma": ["logo", "design", "tool"],
  "file-minus": ["delete", "remove", "erase"],
  "file-plus": ["add", "create", "new"],
  "file-text": ["data", "txt", "pdf"],
  "film": ["movie", "video"],
  "filter": ["funnel", "hopper"],
  "flag": ["report"],
  "folder-minus": ["directory"],
  "folder-plus": ["directory"],
  "folder": ["directory"],
  "framer": ["logo", "design", "tool"],
  "frown": ["emoji", "face", "bad", "sad", "emotion"],
  "gift": ["present", "box", "birthday", "party"],
  "git-branch": ["code", "version control"],
  "git-commit": ["code", "version control"],
  "git-merge": ["code", "version control"],
  "git-pull-request": ["code", "version control"],
  "github": ["logo", "version control"],
  "gitlab": ["logo", "version control"],
  "globe": ["world", "browser", "language", "translate"],
  "hard-drive": ["computer", "server", "memory", "data"],
  "hash": ["hashtag", "number", "pound"],
  "headphones": ["music", "audio", "sound"],
  "heart": ["like", "love", "emotion"],
  "help-circle": ["question mark"],
  "hexagon": ["shape", "node.js", "logo"],
  "home": ["house", "living"],
  "image": ["picture"],
  "inbox": ["email"],
  "instagram": ["logo", "camera"],
  "key": ["password", "login", "authentication", "secure"],
  "layers": ["stack"],
  "layout": ["window", "webpage"],
  "life-bouy": ["help", "life ring", "support"],
  "link": ["chain", "url"],
  "link-2": ["chain", "url"],
  "linkedin": ["logo", "social media"],
  "list": ["options"],
  "lock": ["security", "password", "secure"],
  "log-in": ["sign in", "arrow", "enter"],
  "log-out": ["sign out", "arrow", "exit"],
  "mail": ["email", "message"],
  "map-pin": ["location", "navigation", "travel", "marker"],
  "map": ["location", "navigation", "travel"],
  "maximize": ["fullscreen"],
  "maximize-2": ["fullscreen", "arrows", "expand"],
  "meh": ["emoji", "face", "neutral", "emotion"],
  "menu": ["bars", "navigation", "hamburger"],
  "message-circle": ["comment", "chat"],
  "message-square": ["comment", "chat"],
  "mic-off": ["record", "sound", "mute"],
  "mic": ["record", "sound", "listen"],
  "minimize": ["exit fullscreen", "close"],
  "minimize-2": ["exit fullscreen", "arrows", "close"],
  "minus": ["subtract"],
  "monitor": ["tv", "screen", "display"],
  "moon": ["dark", "night"],
  "more-horizontal": ["ellipsis"],
  "more-vertical": ["ellipsis"],
  "mouse-pointer": ["arrow", "cursor"],
  "move": ["arrows"],
  "music": ["note"],
  "navigation": ["location", "travel"],
  "navigation-2": ["location", "travel"],
  "octagon": ["stop"],
  "package": ["box", "container"],
  "paperclip": ["attachment"],
  "pause": ["music", "stop"],
  "pause-circle": ["music", "audio", "stop"],
  "pen-tool": ["vector", "drawing"],
  "percent": ["discount"],
  "phone-call": ["ring"],
  "phone-forwarded": ["call"],
  "phone-incoming": ["call"],
  "phone-missed": ["call"],
  "phone-off": ["call", "mute"],
  "phone-outgoing": ["call"],
  "phone": ["call"],
  "play": ["music", "start"],
  "pie-chart": ["statistics", "diagram"],
  "play-circle": ["music", "start"],
  "plus": ["add", "new"],
  "plus-circle": ["add", "new"],
  "plus-square": ["add", "new"],
  "pocket": ["logo", "save"],
  "power": ["on", "off"],
  "printer": ["fax", "office", "device"],
  "radio": ["signal"],
  "refresh-cw": ["synchronise", "arrows"],
  "refresh-ccw": ["arrows"],
  "repeat": ["loop", "arrows"],
  "rewind": ["music"],
  "rotate-ccw": ["arrow"],
  "rotate-cw": ["arrow"],
  "rss": ["feed", "subscribe"],
  "save": ["floppy disk"],
  "scissors": ["cut"],
  "search": ["find", "magnifier", "magnifying glass"],
  "send": ["message", "mail", "email", "paper airplane", "paper aeroplane"],
  "settings": ["cog", "edit", "gear", "preferences"],
  "share-2": ["network", "connections"],
  "shield": ["security", "secure"],
  "shield-off": ["security", "insecure"],
  "shopping-bag": ["ecommerce", "cart", "purchase", "store"],
  "shopping-cart": ["ecommerce", "cart", "purchase", "store"],
  "shuffle": ["music"],
  "skip-back": ["music"],
  "skip-forward": ["music"],
  "slack": ["logo"],
  "slash": ["ban", "no"],
  "sliders": ["settings", "controls"],
  "smartphone": ["cellphone", "device"],
  "smile": ["emoji", "face", "happy", "good", "emotion"],
  "speaker": ["audio", "music"],
  "star": ["bookmark", "favorite", "like"],
  "stop-circle": ["media", "music"],
  "sun": ["brightness", "weather", "light"],
  "sunrise": ["weather", "time", "morning", "day"],
  "sunset": ["weather", "time", "evening", "night"],
  "tablet": ["device"],
  "tag": ["label"],
  "target": ["logo", "bullseye"],
  "terminal": ["code", "command line", "prompt"],
  "thermometer": ["temperature", "celsius", "fahrenheit", "weather"],
  "thumbs-down": ["dislike", "bad", "emotion"],
  "thumbs-up": ["like", "good", "emotion"],
  "toggle-left": ["on", "off", "switch"],
  "toggle-right": ["on", "off", "switch"],
  "tool": ["settings", "spanner"],
  "trash": ["garbage", "delete", "remove", "bin"],
  "trash-2": ["garbage", "delete", "remove", "bin"],
  "triangle": ["delta"],
  "truck": ["delivery", "van", "shipping", "transport", "lorry"],
  "tv": ["television", "stream"],
  "twitch": ["logo"],
  "twitter": ["logo", "social"],
  "type": ["text"],
  "umbrella": ["rain", "weather"],
  "unlock": ["security"],
  "user-check": ["followed", "subscribed"],
  "user-minus": ["delete", "remove", "unfollow", "unsubscribe"],
  "user-plus": ["new", "add", "create", "follow", "subscribe"],
  "user-x": ["delete", "remove", "unfollow", "unsubscribe", "unavailable"],
  "user": ["person", "account"],
  "users": ["group"],
  "video-off": ["camera", "movie", "film"],
  "video": ["camera", "movie", "film"],
  "voicemail": ["phone"],
  "volume": ["music", "sound", "mute"],
  "volume-1": ["music", "sound"],
  "volume-2": ["music", "sound"],
  "volume-x": ["music", "sound", "mute"],
  "watch": ["clock", "time"],
  "wifi-off": ["disabled"],
  "wifi": ["connection", "signal", "wireless"],
  "wind": ["weather", "air"],
  "x-circle": ["cancel", "close", "delete", "remove", "times", "clear"],
  "x-octagon": ["delete", "stop", "alert", "warning", "times", "clear"],
  "x-square": ["cancel", "close", "delete", "remove", "times", "clear"],
  "x": ["cancel", "close", "delete", "remove", "times", "clear"],
  "youtube": ["logo", "video", "play"],
  "zap-off": ["flash", "camera", "lightning"],
  "zap": ["flash", "camera", "lightning"],
  "zoom-in": ["magnifying glass"],
  "zoom-out": ["magnifying glass"]
}
